Unnamed: 0,Age,Sex,Job,Housing,Saving accounts,Checking account,Credit amount,Duration,Purpose,Cluster,PCA1,PCA2
0,67,1,2,1,4,0,1169,6,5,2,-0.38466775002166825,2.559118874835659
1,22,0,2,1,0,1,5951,48,5,0,0.989086645873349,-2.4025732603477
2,49,1,1,1,0,3,2096,12,3,2,-0.8296206944044286,1.753224445682518
3,45,1,2,0,0,0,7882,42,4,0,2.716966965799518,0.01955082414879146
4,53,1,2,0,0,0,4870,24,1,0,1.7021803555148485,1.2055118693355
5,35,1,1,0,4,3,9055,36,3,0,2.3443191067356524,1.2524732773435583
6,53,1,2,1,2,3,2835,24,4,2,0.5052354148039226,1.7467766613261166
7,35,1,3,2,0,1,6948,36,1,0,1.7025090115655,-1.636491729356595
8,61,1,1,1,3,3,3059,12,5,2,-0.4413764026355924,2.746830555056209
9,28,1,3,1,0,1,5234,30,1,0,1.5903543179934272,-0.8944851969571019
10,25,0,2,2,0,1,1295,12,1,1,-1.7681348544742561,-1.620006417019252
11,24,0,2,2,0,0,4308,48,0,0,0.5575909905595072,-3.1334467424154555
12,22,0,2,1,0,1,1567,12,5,1,-1.5303413776008918,-1.0759726147638533
13,60,1,1,1,0,0,1199,24,1,2,-0.09721706628675061,1.2766351286274384
14,28,0,2,2,0,0,1403,15,1,1,-1.5608401772829774,-1.8347738252376318
15,32,0,1,1,1,0,1282,24,5,1,-1.365592538958481,-0.8033907019032759
16,53,1,2,1,4,3,2424,24,5,2,0.4598155290193293,2.1109311713447148
17,25,1,2,1,4,0,8072,30,0,0,1.9505862502201876,-0.7313158112290788
18,44,0,3,0,0,1,12579,24,1,0,3.1379737365730165,-0.6318669484834225
19,31,1,2,1,2,3,3430,24,5,2,0.19471484147326143,0.5721881986622263
20,48,1,2,1,0,3,2134,9,1,2,-0.23533113554202356,1.6439880545500996
21,44,1,2,2,2,0,2647,6,5,2,-1.1830565911415247,0.14319645974242992
22,48,1,1,2,0,0,2241,10,1,2,-1.314818162321001,0.15431587616404344
23,44,1,2,1,1,1,1804,12,1,2,-0.1529900893657004,1.0136230202492746
24,26,1,2,1,4,3,2069,10,4,2,-0.5597265662457741,1.1627331150967581
25,36,1,1,1,0,0,1374,6,4,2,-1.5304416002152914,0.47100276255067564
26,39,1,1,1,0,3,426,6,5,2,-1.786185624964248,1.5275227198543493
27,42,0,2,2,3,2,409,12,5,1,-1.8774964550695503,0.042700054509833774
28,34,1,2,1,0,1,2415,7,5,2,-0.8609689614623431,0.3517821006186391
29,63,1,2,1,0,0,6836,60,0,0,3.3643909985803377,-0.1657647563194678
30,36,1,2,1,3,1,1913,18,0,2,0.24995064726838226,0.805723687952743
31,27,1,2,1,0,0,4020,24,4,2,0.22804673930585975,-0.845939674295784
32,30,1,2,1,1,1,5866,18,1,2,0.7330442964533781,-0.22232633993718806
33,57,1,1,2,4,3,1264,12,0,2,-0.9312425700029912,2.1756018163047472
34,33,0,3,1,0,2,1474,12,4,1,-0.7446068068354329,-0.3867339231251848
35,25,1,1,1,0,1,4746,45,5,0,0.650624499211707,-1.129612203667979
36,31,1,2,0,0,3,6110,48,3,0,2.4997248294842,0.1722887768194365
37,37,1,2,1,0,2,2100,18,5,2,-0.3860465069075271,0.5265868182487946
38,37,1,2,1,0,2,1225,10,2,2,-0.635483451544697,0.8568709121058802
39,24,1,2,1,0,1,458,9,5,2,-1.3217617666989006,-0.018961873118242375
40,30,1,3,1,2,3,2333,30,5,2,0.7706956648858929,0.3092945014182006
41,26,1,2,1,2,1,1158,12,5,2,-0.8782216727761524,0.2812211660034058
42,44,1,1,1,0,1,6204,18,6,2,-0.07817888236904569,0.35793562365369763
43,24,1,2,2,1,0,6187,30,1,0,0.6382228962251109,-1.9180540334342158
44,58,0,1,0,0,0,6143,48,1,0,2.0421630665422916,0.0929530146443828
45,35,0,3,1,0,3,1393,11,1,1,-0.4888773420782312,0.06636329106988771
46,39,1,2,1,2,3,2299,36,5,2,0.6293035736569865,0.7671100032289843
47,23,0,0,2,2,0,1352,6,1,1,-3.0039471604436874,-1.1981751518437944
48,39,1,1,1,0,3,7228,11,1,2,0.21452884749474455,0.8184043276701091
49,28,0,2,1,1,3,2073,12,5,1,-1.2743693428852108,-0.10385512091106325
50,29,1,1,1,4,1,2333,24,4,2,-0.3620412174421796,0.529122600697831
51,30,1,3,1,0,1,5965,27,1,0,1.6362037298414405,-0.794465791006675
52,25,1,2,1,0,3,1262,12,5,2,-1.0141862787612042,0.43185309128446797
53,31,1,2,1,4,3,3378,18,1,2,0.4362922500929796,1.1252570541367166
54,57,1,2,0,0,1,2225,36,1,0,1.7641840095952996,1.6148595455962678
55,26,1,1,1,4,3,783,6,1,2,-1.2540448405251654,1.5818009367643784
56,52,1,3,1,4,1,6468,12,5,2,1.2795199953135985,1.2673724969386413
57,31,0,2,1,0,3,9566,36,5,0,1.3162023454973806,-1.4400011837793192
58,23,0,3,1,0,2,1961,18,1,1,-0.23558368213898695,-1.0463153033516237
59,23,0,1,2,0,0,6229,36,4,1,-0.5359759550551781,-2.967591586177248
60,27,1,2,1,0,1,1391,9,0,2,-0.6010848051947523,0.11395057814137936
61,50,1,2,1,4,1,1537,15,5,2,-0.16372935692560825,1.7094313122147462
62,61,1,3,0,0,1,1953,36,0,0,2.4098655685116066,1.695574549019456
63,25,1,2,1,0,1,14421,48,0,0,3.786840633050045,-2.2011848508140637
64,26,0,2,1,0,3,3181,24,5,1,-0.6036794681427116,-0.7880397123709589
65,48,1,2,1,4,3,5190,27,6,2,0.9883487890347661,1.500739989348477
66,29,0,2,1,0,3,2171,12,5,1,-1.3057642278916537,-0.23754041802363557
67,22,1,2,1,3,1,1007,12,1,2,-0.5145519868647577,0.32052263862743297
68,37,1,2,0,0,3,1819,36,3,2,1.1756909275903806,1.1741408650507947
69,25,0,2,1,4,3,2394,36,5,1,0.03223390210588409,-0.3866381753557152
70,30,0,2,1,0,3,8133,36,1,0,1.396332496027829,-1.2992092021076633
71,46,1,1,2,4,3,730,7,5,2,-1.9159379085617683,1.7207720680101424
72,51,1,3,0,0,0,1164,8,7,2,0.15873115150340145,1.599802550355014
73,41,0,1,1,0,1,5954,42,0,0,0.9523853979786647,-1.0801867340739295
74,40,1,3,1,4,0,1977,36,3,0,1.4628435245405094,0.22305868142512392
75,66,1,3,0,0,0,1526,12,1,2,1.2227134829485766,2.303291245829665
76,34,1,2,1,0,0,3965,42,5,0,1.0417853673228457,-0.9732298018975175
77,51,1,2,1,0,1,4771,11,5,2,0.06152589526521765,0.8707983586113481
78,39,1,1,1,4,3,9436,54,1,0,2.877607998114755,0.1937544428736704
79,22,1,2,1,0,1,3832,30,4,2,0.3826394952575969,-0.963668084849282
80,44,0,2,1,4,3,5943,24,5,1,0.504210038940238,0.5365645710286342
81,47,1,2,1,2,3,1213,15,5,2,-0.41709268834053514,1.7982088688867228
82,24,0,1,2,1,3,1568,18,0,1,-1.8402426731575463,-0.963429683518086
83,58,0,1,1,0,0,1755,24,7,1,-1.1304594087200543,0.23988488423593307
84,52,1,1,1,0,0,2315,10,5,2,-1.0080507265018979,1.0555736364533699
85,29,0,3,1,0,3,1412,12,0,1,-0.43291759089518805,-0.2543761664321187
86,27,0,2,1,0,1,1295,18,4,1,-1.1386175987266347,-0.9529684966910428
87,47,1,2,0,1,1,12612,36,3,0,3.6047738059197716,0.27723982182475654
88,30,1,3,1,1,0,2249,18,1,2,0.5447778748917715,-0.330660675051124
89,28,1,2,1,0,0,1108,12,6,2,-1.0834960987394762,-0.2582486620561308
90,56,1,2,1,0,3,618,12,5,2,-0.67093630561003,2.0368005599880465
91,54,1,2,1,0,0,1409,12,1,2,-0.14159710257783237,1.089134596836988
92,33,0,1,1,4,3,797,12,5,1,-1.7973868781198272,0.9294533264646158
93,20,1,2,2,4,2,3617,24,4,2,-0.3115630267826674,-0.7102438555363598
94,54,1,2,1,3,1,1318,12,1,2,0.0382103545317734,1.8883308766900224
95,58,1,2,2,0,1,15945,54,0,0,4.258364066021564,-1.6302902768006782
96,61,0,2,1,4,3,2012,12,3,1,-0.3857707580454703,2.0882907438540212
97,34,1,2,1,1,1,2622,18,0,2,0.23213975040519158,0.28358410020746394
98,36,1,2,1,0,1,2337,36,5,2,0.46645081217312,-0.29443968520407415
99,36,1,3,2,4,1,7057,20,1,0,1.290661996356215,-0.5215056862896286
100,41,1,1,2,1,3,1469,24,1,2,-0.8875182732250149,0.5074180482281079
101,24,1,2,2,0,1,2323,36,5,2,-0.33438963533201665,-1.6739533952708787
102,24,0,2,1,0,3,932,6,5,1,-1.9041459719251346,-0.22593023166543041
103,35,1,2,2,0,1,1919,9,4,2,-1.3716060325679402,-0.3820722384659567
104,26,1,2,2,4,3,2445,12,1,2,-0.7140962663891257,0.32588109308732255
105,39,1,3,1,0,1,11938,24,7,0,2.2776662938326693,-0.9258430206524807
106,39,1,3,1,0,3,6458,18,1,0,1.4622029506647856,0.38392153999115664
107,32,1,2,1,0,1,6078,12,1,2,0.4716170636054015,-0.174924133433355
108,30,0,2,1,4,0,7721,24,4,1,0.7626049062217776,-1.1540887140276352
109,35,1,2,1,2,1,1410,14,0,2,-0.11253002550195144,0.7180146630624482
110,31,1,2,1,1,1,1449,6,0,2,-0.5942504694382502,0.5467597931068633
111,23,0,2,2,0,2,392,15,3,1,-2.040317787078302,-1.484146174343697
112,28,1,1,2,0,1,6260,18,1,2,-0.4391450299636438,-1.1674293089614387
113,25,0,2,1,0,3,7855,36,1,0,1.2651959731498719,-1.5319897824912223
114,35,1,2,1,2,0,1680,12,5,2,-0.6275401371904128,0.3911100115525436
115,47,1,2,1,4,3,3578,48,5,0,1.6917891326032408,1.0707340388349469
116,30,0,3,1,4,0,7174,42,5,0,1.9106786865985177,-1.7368240826901065
117,27,0,2,2,4,0,2132,10,4,1,-1.6697467035462827,-1.205247148773728
118,23,0,2,1,2,0,4281,33,4,1,0.22660961833131496,-1.756731098181915
119,36,1,3,1,2,1,2366,12,1,2,0.45401216813823336,0.554581939651041
120,25,0,2,1,0,0,1835,21,5,1,-1.0149991355849293,-1.4792330907881521
121,41,0,3,2,0,3,3868,24,1,1,0.08267299305257851,-0.9908527759851644
122,24,1,1,2,0,3,1768,12,4,2,-1.9845961837233752,-0.28562508155379146
123,63,1,2,0,0,2,781,10,1,2,0.3860574099846841,2.9777511774057346
124,27,0,2,2,4,1,1924,18,4,1,-1.3543610081902708,-1.1137286744676322
125,30,1,2,1,0,0,2121,12,1,2,-0.36112546272390944,-0.18583956529745543
126,40,1,1,1,0,0,701,12,5,2,-1.428100053647235,0.5465010853879162
127,30,1,2,1,0,1,639,12,6,2,-1.1508305413301656,0.15585307113772257
128,34,1,3,1,0,1,1860,12,1,2,0.1859965028533239,0.15754076059828093
129,29,0,2,1,0,0,3499,12,1,1,-0.6337813573898263,-1.1475041327863456
130,24,0,2,1,4,1,8487,48,1,0,2.198621983945205,-1.8208194122642936
131,29,1,2,1,0,0,6887,36,3,0,1.4861479725433693,-1.3250877071641105
132,27,1,1,1,0,3,2708,15,4,2,-0.9961984479788325,0.47751232248730513
133,47,1,2,0,0,3,1984,18,4,2,0.4549061633655957,2.0910427794225837
134,21,0,2,1,1,3,10144,60,5,0,2.436125375512043,-2.4510065739182325
135,38,0,2,1,4,3,1240,12,5,1,-1.085927600027967,0.9716209381486001
136,27,1,2,1,3,3,8613,27,1,0,1.7853547217875685,0.017903723420756537
137,66,1,1,1,2,1,766,12,5,2,-0.8868369280472588,2.4600853915443546
138,35,1,2,1,4,1,2728,15,5,2,-0.1464543462141184,0.8318057811792224
139,44,0,1,2,0,2,1881,12,5,1,-2.287170743800574,-0.37237780794339426
140,27,1,0,1,3,2,709,6,1,2,-1.8568050880456646,1.331581418796872
141,30,0,3,1,0,1,4795,36,5,0,0.8824051187496965,-1.7734548680366176
142,27,1,3,1,0,0,3416,27,5,2,0.6913789044225652,-1.06087159668046
143,22,1,2,1,0,0,2462,18,4,2,-0.43214634826012066,-0.8194113616903936
144,23,0,2,1,0,3,2288,21,4,1,-0.8668725333690475,-0.7790295532703225
145,30,1,2,1,1,1,3566,48,0,0,1.720637956845911,-0.7798843642821462
146,39,0,2,1,0,0,860,6,1,1,-1.2895861282415813,-0.2501071565823235
147,51,0,2,1,1,3,682,12,1,1,-0.8159091339858827,1.2179668310031047
148,28,1,2,1,0,0,5371,36,4,0,1.0657478844275556,-1.2514569135795828
149,46,1,2,1,3,3,1582,18,5,2,-0.15136132497626076,1.794947073331301
150,42,1,2,0,1,3,1346,6,5,2,-0.3221392547765422,2.359642490799807
151,38,1,2,1,0,3,1924,10,5,2,-0.7669956437267097,1.0523772414933787
152,24,1,2,1,0,2,5848,36,5,0,0.9977286049944557,-0.9569054966862686
153,29,0,2,2,3,1,7758,24,1,1,0.3608440834671653,-1.8450828678746884
154,36,1,3,2,1,1,6967,24,0,0,1.350003334332783,-1.1248476059488768
155,20,0,2,2,0,0,1282,12,4,1,-2.1273311344133963,-2.2196555345562325
156,48,1,2,1,1,0,1288,9,6,2,-0.8069623545707955,0.9609118799158776
157,45,1,1,1,0,0,339,12,3,2,-1.2308009695524444,0.8542893394214656
158,38,1,2,1,1,1,3512,24,1,2,0.6514747472763165,0.22067511508133403
159,34,1,1,1,4,3,1898,6,5,2,-1.287244533049261,1.7982619464709504
160,36,1,2,1,1,3,2872,24,5,2,0.09586128211232028,0.6758029213459185
161,30,0,2,1,0,3,1055,18,1,1,-0.8559974721683239,-0.19547207419519327
162,36,1,2,1,2,3,1262,15,2,2,-0.28120950456167415,1.2714297333671207
163,70,1,3,0,0,1,7308,10,1,0,2.372260251104395,2.273758034064016
164,36,1,2,1,2,3,909,36,1,2,0.6921548801343,0.7831064980087193
165,32,1,2,1,2,3,2978,6,4,2,-0.5922265265871944,1.1099461918946143
166,33,0,2,1,0,0,1131,18,4,1,-1.0732821962151724,-0.9304663556655967
167,20,0,2,1,3,1,1577,11,4,1,-1.2985643774332638,-0.6534334597151025
168,25,0,2,2,0,3,3972,24,4,1,-0.9715104476234259,-1.6971424060177573
169,31,1,2,1,0,1,1935,24,0,2,0.2529981613332109,-0.14080852126377202
170,33,1,2,2,0,0,950,15,1,2,-1.0317467431882759,-0.7908352932279655
171,26,0,2,1,0,3,763,12,4,1,-1.537402084343522,-0.2617903613253018
172,34,0,3,1,0,1,2064,24,4,1,-0.05734544135556051,-1.002703107530501
173,33,1,2,1,0,1,1414,8,5,2,-1.028994476299539,0.34138061795814467
174,26,1,2,1,0,0,3414,21,3,2,0.056565018580428526,-0.7760284637649968
175,53,0,3,1,4,3,7485,30,1,0,2.1610132110658347,0.5721756698137346
176,42,1,2,1,0,0,2577,12,4,2,-0.3731686777736762,0.31781185514228294
177,52,1,2,1,2,0,338,6,5,2,-0.9101367793458365,1.5085780636990362
178,31,1,3,2,0,3,1963,12,5,2,-0.8463723551070136,-0.2957665007013535
179,65,1,2,1,0,0,571,21,1,2,0.2655975233872239,1.4714001135854633
180,28,1,2,1,0,3,9572,36,0,0,2.299208419533228,-0.7589437965278609
181,30,1,3,1,0,1,4455,36,0,0,1.83710054305945,-0.8935006645899035
182,40,1,1,1,4,0,1647,21,1,2,-0.16988215091606496,0.9616297368562529
183,50,1,2,1,3,3,3777,24,4,2,0.7264246988540255,1.6448771540383398
184,36,1,2,1,0,1,884,18,1,2,-0.2521361692663155,0.343199490536516
185,31,1,2,1,0,3,1360,15,5,2,-0.7615093375800135,0.620421091500556
186,74,0,3,0,0,1,5129,9,1,0,1.4062569860758534,1.9170887673667982
187,68,1,0,0,0,1,1175,16,1,2,-0.2658108766524648,3.0645715594529954
188,20,1,2,1,1,0,674,12,5,2,-1.125716162197518,-0.45157112519386433
189,33,0,2,1,0,1,3244,18,4,1,-0.64529890072527,-0.8551823948190527
190,54,1,3,1,3,3,4591,24,0,0,1.8837645349770227,1.6686448974568804
191,34,1,1,0,1,1,3844,48,0,0,1.9123202740447942,0.3230135611174244
192,36,1,2,1,0,1,3915,27,0,0,0.8694788118836924,-0.156814277808475
193,29,1,2,2,0,3,2108,6,5,2,-1.66070307716231,-0.10106551038647393
194,21,1,2,2,1,1,3031,45,5,0,0.2420145396451456,-1.9670741018808315
195,34,0,3,1,0,1,1501,9,3,1,-0.7519075317710526,-0.5569987770792837
196,28,0,2,1,0,3,1382,6,5,1,-1.7473678956134364,-0.08623593654108869
197,27,0,2,2,1,1,951,12,4,1,-2.0227194900072405,-1.397664452479797
198,36,1,2,0,4,1,2760,24,1,2,1.2864383392062015,1.4761814025796047
199,40,1,3,1,0,1,4297,18,4,2,0.7581911391360296,0.018378213589778133
200,52,1,2,1,2,3,936,9,3,2,-0.46971930717113863,2.2338340695042427
201,27,1,1,1,0,0,1168,12,1,2,-1.140999343427326,-0.10352609765391302
202,26,1,2,1,0,3,5117,27,0,0,0.9547594388315225,-0.21687559034707057
203,21,1,2,2,0,0,902,12,3,2,-1.5522165059238262,-1.3467747439581843
204,38,1,1,1,0,3,1495,12,1,2,-0.9178808849812103,1.248667670738102
205,38,1,3,0,0,0,10623,30,1,0,3.4689403247618182,-0.4347541100691219
206,43,1,2,1,0,3,1935,12,4,2,-0.49904322664620654,1.254687231015121
207,26,1,2,1,0,1,1424,12,2,2,-0.6613705549480864,-0.07429176061792918
208,21,1,1,1,0,0,6568,24,0,0,0.5075731884713671,-1.2019949302048485
209,55,1,2,1,3,3,1413,12,1,2,0.07005953556943216,2.461993388939587
210,33,1,2,1,4,3,3074,9,5,2,-0.3820243625420531,1.393304847837342
211,45,0,1,1,4,3,3835,36,5,1,0.09419710176187371,0.610266487478556
212,50,1,2,1,0,0,5293,27,0,0,1.36872540069209,0.13373023634412234
213,66,1,3,1,0,2,1908,30,0,0,1.593521533285601,1.5716817634613625
214,51,1,2,1,4,3,3342,36,5,2,1.166904602239992,1.5798098993439211
215,39,0,1,1,4,1,932,6,3,1,-1.7429115629974774,0.8207249861191154
216,31,1,2,1,0,0,3104,18,0,2,0.22619002253428205,-0.38389765126462816
217,23,1,2,1,0,2,3913,36,5,2,0.5906916267026209,-0.8386678660682918
218,24,1,1,2,0,0,3021,24,4,2,-1.1715232611681472,-1.5605361223744079
219,64,0,2,1,0,3,1364,10,1,1,-0.6331453170380997,1.6706818849158083
220,26,1,1,1,0,1,625,12,5,2,-1.657020727380085,0.11171238561399224
221,23,0,2,2,4,0,1200,12,3,1,-1.729293875969639,-1.3749424462096995
222,30,1,2,1,0,3,707,12,5,2,-1.0438382654754061,0.7007315345333864
223,32,1,2,1,4,3,2978,24,0,2,0.7449750027285444,1.0410980088763238
224,30,1,2,1,0,3,4657,15,1,2,0.2841709847629565,0.31346477103956694
225,27,1,2,1,0,3,2613,36,6,2,0.28639797501772,-0.2555949034217258
226,27,1,2,1,3,1,10961,48,5,0,2.837086665025219,-1.3696985121235077
227,53,1,3,0,0,0,7865,12,4,0,2.033099327851955,0.9848249269135159
228,22,1,2,1,0,3,1478,9,5,2,-1.1439269722974763,0.303388826175855
229,22,1,2,0,0,0,3149,24,4,2,0.5976286103883687,-0.27428193306997284
230,26,1,2,1,0,2,4210,36,5,0,0.6975715598553058,-0.7188081392306493
231,51,1,1,0,2,3,2507,9,1,2,0.10219621194606936,2.997989490264744
232,35,1,2,1,1,3,2141,12,5,2,-0.6073833174554486,0.9861605904744641
233,25,1,1,1,0,1,866,18,5,2,-1.351584178373789,-0.11654822010916983
234,42,1,1,1,0,3,1544,4,5,2,-1.5939435363106176,1.5832619210735985
235,30,1,3,1,0,0,1823,24,5,2,0.28079156194577015,-0.7033218101331116
236,23,1,0,1,4,1,14555,6,1,0,0.9806353489739318,-0.28958342024613815
237,61,1,1,2,1,1,2767,21,0,2,-0.3429796998648245,0.8967035650269908
238,35,0,2,1,0,3,1291,12,5,1,-1.3863421730991763,0.11142821658521149
239,39,1,2,1,0,0,2522,30,5,2,0.2887726832239344,-0.31370834033862566
240,29,0,2,1,4,0,915,24,1,1,-0.34451038064937367,-0.5486972283087892
241,51,1,2,1,0,3,1595,6,5,2,-0.8125855241159171,1.8184368153304398
242,24,1,2,0,0,0,4605,48,1,0,2.299838262848205,-0.8808014242156997
243,27,0,2,1,0,3,1185,12,0,1,-1.0460164227096096,-0.2060466774283431
244,35,0,1,1,2,3,3447,12,3,1,-1.1612777686459945,0.4389039238687727
245,25,1,2,1,0,3,1258,24,0,2,0.01898415008612431,0.16227724450384742
246,52,1,2,1,0,3,717,12,5,2,-0.7051401299051193,1.7966042329092522
247,35,1,2,2,1,3,1204,6,1,2,-1.2968158351974877,0.5038935215475593
248,26,1,2,1,0,2,1925,24,4,2,-0.21281794655100197,-0.18751625738876704
249,22,0,2,2,0,3,433,18,5,1,-2.1031896195872974,-1.3938279489509395
250,39,0,1,1,3,0,666,6,1,1,-1.665671355593846,0.4196131738936457
251,46,0,1,1,0,2,2251,12,4,1,-1.4646582378882862,0.4653585363202947
252,24,0,2,1,0,1,2150,30,1,1,-0.17072552780470396,-1.4774898823596012
253,35,1,2,1,1,3,4151,24,4,2,0.44210335584868504,0.502596865714909
254,24,1,2,1,4,1,2030,9,4,2,-0.6259061724398822,0.4914809061894118
255,27,1,1,1,4,1,7418,60,5,0,2.1822396999243097,-1.020490378823477
256,35,1,1,1,0,3,2684,24,5,2,-0.5640226763064939,0.6114922021223749
257,29,1,2,0,0,0,2149,12,5,2,-0.13704146826837668,0.4556211685736107
258,23,0,2,1,1,3,3812,15,1,1,-0.4646586546041772,-0.5752365681325374
259,57,0,1,1,1,3,1154,11,5,1,-1.59857658901259,1.576676630018532
260,27,1,2,1,0,0,1657,12,4,2,-0.7860276211120705,-0.3636392315890265
261,55,0,2,1,0,0,1603,24,5,1,-0.46311783065815815,-0.059692114843155786
262,36,1,3,0,0,0,5302,18,1,0,1.8139030580706574,0.25801964807211714
263,57,0,1,0,0,3,2748,12,3,1,-0.4870317757104483,2.039024820512391
264,32,1,1,1,0,3,1231,10,1,2,-1.1510294059623587,1.0121949830589647
265,37,1,2,1,0,1,802,15,5,2,-0.7726758360558392,0.4022535558414034
266,36,1,2,1,4,3,6304,36,0,0,2.027998873765027,0.615507023729063
267,38,0,2,1,0,3,1533,24,5,1,-0.747995897750279,-0.07287651143377383
268,45,1,3,1,0,0,8978,14,1,0,1.9052943836159646,-0.3138872134235244
269,25,1,2,1,4,3,999,24,5,2,-0.24715614141342807,0.7926285696688196
270,32,1,2,1,4,3,2662,18,1,2,0.3147863966219117,1.1996891984430473
271,37,0,2,2,2,3,1402,12,4,1,-1.7153630201263705,-0.2273934298601275
272,36,1,3,0,4,1,12169,48,1,0,4.835097532038995,-0.18947310973599316
273,28,1,2,1,0,1,3060,48,5,0,1.0412634921929482,-1.1032088317833488
274,34,1,1,1,0,0,11998,30,6,0,1.5063541220835093,-1.3142639201255377
275,32,1,2,1,0,3,2697,9,5,2,-0.7408116020875983,0.6807706341832652
276,26,0,2,1,0,3,2404,18,5,1,-1.024092278094426,-0.6039022133224152
277,49,1,1,1,4,0,1262,12,4,2,-0.8038023588862006,1.6147544258549276
278,32,0,2,1,0,3,4611,6,4,1,-0.9277083727906587,-0.1894173437255801
279,29,1,3,2,1,3,1901,24,5,2,-0.2758741133821197,-0.5448742329504823
280,23,1,2,2,3,3,3368,15,1,2,-0.49603632263437314,-0.19307185387088951
281,50,1,2,1,0,3,1574,12,4,2,-0.46266686637196774,1.624217372785223
282,49,1,1,1,4,2,1445,18,5,2,-0.5997002510257433,1.9838157387641995
283,63,1,2,1,4,3,1520,15,4,2,0.1296650081219262,2.8882091037224464
284,37,1,2,1,1,1,3878,24,1,2,0.7162049170915517,0.11159561303166356
285,35,0,1,1,0,0,10722,47,1,0,1.9749698954870782,-2.288395518553627
286,26,1,2,1,0,0,4788,48,1,0,1.7544979182606009,-1.5858370894500655
287,31,1,3,0,1,1,7582,48,7,0,3.0415661857744896,-0.6162101942863214
288,49,0,2,1,0,1,1092,12,5,1,-1.2035344918492454,0.26611453321791145
289,48,1,2,1,0,0,1024,24,5,2,-0.1482355111299851,0.4203585317748022
290,26,1,2,1,0,3,1076,12,0,2,-0.5429555029253418,0.5267030213056183
291,28,1,3,2,0,1,9398,36,1,0,2.10734821276156,-2.2720579020063996
292,44,0,3,0,0,0,6419,24,1,0,1.8974420167416577,-0.3867892975578502
293,56,1,2,0,0,2,4796,42,1,0,2.5504844045473085,1.4016855125764496
294,46,1,3,1,4,3,7629,48,0,0,3.536941145934025,0.5222626871938624
295,26,0,2,1,0,1,9960,48,4,0,1.9768049015336113,-2.620406820353531
296,20,0,2,2,4,3,4675,12,1,1,-0.8813149205248538,-1.002803885672594
297,45,1,1,1,4,3,1287,10,1,2,-0.6704501118391196,2.3363430032417223
298,43,1,2,1,0,3,2515,18,4,2,-0.10586830872740215,1.0292480928292405
299,32,1,2,1,3,1,2745,21,4,2,0.11849011992878637,0.33887162474923765
300,54,0,0,1,0,3,672,6,1,1,-2.1900709850407867,1.637431564170186
301,42,0,2,1,0,1,3804,36,5,1,0.3272002194218321,-0.9530521285170598
302,37,1,1,1,4,2,1344,24,1,2,-0.14449735605843866,1.294736018051682
303,49,1,2,1,0,0,1038,10,1,2,-0.37484142704772583,0.8828758300528421
304,44,1,2,0,2,3,10127,48,1,0,3.856743117848065,0.7667539940160552
305,33,1,2,1,3,3,1543,6,4,2,-0.7962547837062931,1.4380371006002493
306,24,0,1,2,4,3,4811,30,1,1,-0.5221551430946155,-1.1181970699616968
307,33,1,1,1,1,0,727,12,5,2,-1.454537660215997,0.3292587670537645
308,24,0,2,1,0,1,1237,8,4,1,-1.6384370010298461,-0.8862330501765534
309,22,1,1,2,0,1,276,9,1,2,-2.1489379592187414,-0.7169407633178506
310,40,1,0,0,4,1,5381,48,7,0,1.3040732790628873,1.0244136503447359
311,25,1,2,1,1,3,5511,24,4,2,0.5693106646335544,-0.13676382124493988
312,26,0,2,1,0,2,3749,24,4,1,-0.37672637702634054,-1.1526389773427976
313,25,1,1,1,0,1,685,12,1,2,-1.2690660225841761,0.09706729487286075
314,29,1,1,1,4,2,1494,4,1,2,-1.1387861182669043,1.3880653258527793
315,31,1,2,1,0,0,2746,36,4,2,0.5833839062078142,-0.8884144188767344
316,38,1,1,1,0,0,708,12,4,2,-1.3523485541777178,0.42320018666139425
317,48,0,1,1,4,1,4351,24,4,1,-0.18788931874899234,0.45727156144584497
318,32,1,2,1,0,3,701,12,3,2,-0.8169551469625498,0.8122242276526822
319,27,0,1,1,0,0,3643,15,4,1,-1.3246383837332552,-1.2612086886946936
320,28,1,3,1,0,1,4249,30,1,0,1.4027414142780552,-0.863420355347963
321,32,1,2,1,0,0,1938,24,5,2,-0.20461095340454605,-0.4725716304828148
322,34,1,3,0,0,0,2910,24,1,0,1.5692152189221897,0.21685343709062394
323,28,1,2,1,3,0,2659,18,4,2,-0.09071516251609017,-0.05907251953128109
324,36,0,2,1,0,3,1028,18,1,1,-0.7630320106477183,0.07544030740641264
325,39,1,1,1,0,0,3398,8,1,2,-0.6786207254885863,0.3663086881998828
326,49,1,2,2,4,3,5801,12,4,2,0.04026131312383187,1.075307113315636
327,34,0,2,1,3,3,1525,24,1,1,-0.21900965777538028,0.2888478642675797
328,31,1,2,1,0,2,4473,36,5,0,0.8316468663775157,-0.5123308696029388
329,28,1,2,1,0,1,1068,6,5,2,-1.259523211561469,0.1437865306587649
330,75,1,3,0,0,0,6615,24,1,0,2.9505106621956285,1.9214042617073577
331,30,0,2,1,1,3,1864,18,3,1,-0.8099663746892162,-0.16299881787222542
332,24,0,3,1,1,1,7408,60,1,0,2.870158872030386,-2.7377083512434686
333,24,0,1,2,1,3,11590,48,1,0,1.4721587156883191,-2.7308700730391884
334,23,1,2,2,0,0,4110,24,4,2,-0.41677770678553155,-1.893582557607948
335,44,1,3,2,0,0,3384,6,4,2,-0.5143630823209435,-0.4734054897495722
336,23,0,1,1,0,1,2101,13,5,1,-1.8902765714653416,-1.0067841093909025
337,24,0,2,2,4,0,1275,15,2,1,-1.4615557913054087,-1.4163995311455793
338,28,1,2,1,0,0,4169,24,4,2,0.2867419383886795,-0.8701406292631945
339,31,1,1,1,0,1,1521,10,4,2,-1.3865619059886267,0.3206825363295168
340,24,0,2,0,0,1,5743,24,3,1,0.7161552769120771,-0.9281901110950043
341,26,0,1,2,0,0,3599,21,4,1,-1.6919683719258065,-2.2439699140451035
342,25,1,2,2,2,1,3213,18,5,2,-0.8056998144757062,-0.952791602263868
343,33,1,3,1,0,1,4439,18,0,0,1.0734970981604468,-0.3143780293754322
344,37,1,1,1,0,2,3949,10,1,2,-0.5133121415244956,0.7149267273220647
345,43,0,1,1,0,3,1459,15,5,1,-1.6330070144494313,0.5569659720031285
346,23,1,2,1,0,1,882,13,5,2,-1.0568400441352306,-0.2710920530599861
347,23,0,0,2,2,1,3758,24,5,1,-2.078460426000834,-1.723307005524896
348,34,1,1,1,1,3,1743,6,0,2,-1.0291024988261266,1.3360410230651774
349,32,1,2,0,3,1,1136,9,3,2,-0.03766428469876733,1.580017212521155
350,23,0,2,2,0,3,1236,9,2,1,-2.0361403399996383,-1.1646402827020523
351,29,0,2,1,0,1,959,9,4,1,-1.571843958236223,-0.6438345770924409
352,38,1,3,1,4,3,3229,18,1,2,1.068444312123395,1.2726583916251
353,28,1,2,2,0,0,6199,12,5,2,-0.5524978345078065,-1.551121933008994
354,46,1,2,0,2,3,727,10,3,2,0.06288289613160405,2.67660395657529
355,23,1,1,1,0,1,1246,24,1,2,-0.6414043279617919,-0.3699908935675255
356,49,1,2,1,4,3,2331,12,5,2,-0.14771102289763074,2.1587131116491762
357,26,1,3,1,0,3,4463,36,5,0,1.293746879782214,-0.6481722295991161
358,28,1,2,1,0,3,776,12,5,2,-1.0544971745831315,0.5674113193938944
359,23,0,2,2,0,0,2406,30,4,1,-1.0307020032422154,-2.6739707428625654
360,61,1,2,0,4,1,1239,18,3,2,0.9000941648797938,2.9618440571393827
361,37,1,3,1,4,2,3399,12,5,2,0.43404669354839276,1.021140818209817
362,36,0,2,1,0,2,2247,12,1,1,-0.7800279828704764,-0.1705593501769947
363,21,1,2,2,0,3,1766,6,4,2,-1.7485008811066913,-0.48819228596471864
364,25,1,0,1,0,0,2473,18,4,2,-1.4607774817916899,-0.3971146975639603
365,36,1,2,1,0,3,1542,12,0,2,-0.2921854532628138,0.9690493882966511
366,27,1,2,1,0,3,3850,18,1,2,0.21539516005377268,0.13433154778245582
367,22,0,2,2,0,0,3650,18,4,1,-1.3339674012190963,-2.535859757224725
368,42,1,2,1,0,0,3446,36,4,0,0.8961869644834436,-0.4135736764484124
369,40,0,2,2,0,1,3001,18,4,1,-1.1954343573320838,-1.2967304675108662
370,36,1,2,1,4,3,3079,36,1,0,1.2780913982997288,0.8820416080898811
371,33,1,2,1,0,3,6070,18,5,2,0.37278090671967334,0.1667005729313739
372,23,0,2,2,0,3,2146,10,4,1,-1.9980001156637528,-1.3092931948306228
373,63,1,3,0,4,3,13756,60,1,0,6.10923293255689,1.2429517026477046
374,60,0,3,0,1,1,14782,60,7,0,4.959231966566644,-0.9431028392298262
375,37,0,2,2,0,0,7685,48,0,0,1.459973423349595,-2.870097012242
376,34,1,2,1,0,3,2320,18,5,2,-0.37637298880745074,0.5667169561203765
377,36,1,2,0,4,3,846,7,5,2,-0.25873564105205976,2.549626224664425
378,57,1,3,0,0,1,14318,36,1,0,4.786742194110847,0.261241805908266
379,52,0,1,1,1,3,362,6,1,1,-1.6700543779303962,1.5637496776676776
380,39,1,2,1,4,0,2212,20,4,2,0.14607515846900185,0.6425350548239465
381,38,0,3,0,0,1,12976,18,1,0,2.8718237420656294,-0.8876816770316466
382,25,0,2,2,4,3,1283,22,1,1,-1.0413355366005284,-0.7070686542577795
383,26,1,2,1,0,2,1330,12,1,2,-0.5801302698220225,0.19228937740006027
384,26,1,1,1,1,3,4272,30,0,2,0.4500406084916923,0.07941083955385864
385,25,0,2,1,0,3,2238,18,5,1,-1.0685596793384728,-0.6598559387130307
386,21,0,2,2,4,3,1126,18,5,1,-1.7018908954653256,-0.8506977612431216
387,40,1,3,1,0,1,7374,18,4,0,1.393586043792393,-0.3065139279912
388,27,1,2,1,2,1,2326,15,0,2,0.009225186241045737,0.15140136477845298
389,27,0,2,1,0,3,1449,9,0,1,-1.121477096722455,-0.18289982875564464
390,30,1,3,1,0,3,1820,18,1,2,0.39129043557297366,0.3115205055204088
391,19,0,1,2,3,1,983,12,4,1,-2.5383020924162154,-1.3385762904531482
392,39,1,3,0,0,0,3249,36,1,0,2.2595962025339444,0.11555327623031111
393,31,0,2,1,0,0,1957,6,5,1,-1.5644742702334131,-0.8611705219781425
394,31,1,3,1,0,3,2406,9,4,2,-0.17056431150578033,0.491105264184115
395,32,1,2,2,1,1,11760,39,3,0,2.1207316663578606,-2.089938940781517
396,55,0,3,0,0,0,2578,12,4,1,0.4542407007918054,0.7646640194362615
397,46,1,2,1,0,0,2348,36,4,2,0.734564026010624,-0.11624289771043465
398,46,1,2,2,0,1,1223,12,1,2,-0.907387279175792,0.143797597277029
399,43,0,1,1,3,3,1516,24,5,1,-1.0105185399256935,0.8251243369125946
400,39,1,2,1,0,3,1473,18,5,2,-0.4717735526866644,0.8916106656337427
401,28,1,2,1,4,1,1887,18,0,2,0.20573541728834907,0.505942580342015
402,27,1,2,1,0,3,8648,24,0,0,1.5629913103343496,-0.46000051349370785
403,27,1,1,1,0,3,802,14,1,2,-1.1282047349842461,0.672625020263024
404,43,1,2,1,4,1,2899,18,1,2,0.5442982099239383,1.1468598846814537
405,22,1,2,1,0,1,2039,24,5,2,-0.336841616514694,-0.7216819698075295
406,43,1,2,1,4,3,2197,24,1,2,0.664577067321826,1.6141585778891363
407,27,1,2,1,0,0,1053,15,5,2,-0.8641856740913132,-0.4273725456164615
408,26,1,3,1,2,3,3235,24,5,2,0.6382401258322318,0.10537733444522346
409,28,1,2,1,2,2,939,12,1,2,-0.49352370556161895,0.6663952858796804
410,20,0,2,1,0,1,1967,24,5,1,-0.9203654346143312,-1.5979195616725266
411,35,1,3,1,0,3,7253,33,1,0,2.253751009837976,-0.3333955832718554
412,42,1,3,1,0,3,2292,12,0,2,0.49729737214424957,1.0317708482576076
413,40,1,1,2,2,3,1597,10,1,2,-1.4283395889725208,0.912303005552365
414,35,0,2,1,4,0,1381,24,1,1,-0.1505546289294465,-0.32608193298866217
415,35,1,2,1,0,3,5842,36,1,0,1.5586976832810506,-0.12040758384741326
416,33,1,1,1,0,0,2579,12,1,2,-0.7526147443825546,0.022598284111867515
417,23,0,2,2,4,0,8471,18,3,1,0.032595632289798414,-2.2469699657548907
418,31,0,3,1,2,3,2782,21,1,1,0.3355586189651664,-0.24984745587965776
419,33,0,2,1,4,1,1042,18,1,1,-0.524811048597302,0.03514534554043132
420,20,0,2,2,3,3,3186,15,1,1,-1.1115032935406919,-1.1356128174247764
421,30,1,2,1,4,1,2028,12,1,2,-0.10190698957702463,0.7272113504824261
422,47,1,1,1,0,1,958,12,1,2,-0.8731269590453028,1.1516253115013724
423,34,1,3,1,1,3,1591,21,4,2,0.3196166614088088,0.576958966375086
424,25,0,2,1,4,1,2762,12,4,1,-0.8572078329380655,-0.4187530520395954
425,21,1,2,2,0,1,2779,18,1,2,-0.6993784129437706,-1.411936575510821
426,29,1,2,1,0,3,2743,28,5,2,0.08738861464559602,0.011820940626730204
427,46,1,2,1,3,3,1149,18,5,2,-0.22782536236727366,1.7808397013844488
428,20,1,2,1,0,3,1313,9,4,2,-1.102820835673663,0.19421886099478233
429,55,0,0,0,0,0,1190,18,6,1,-1.3789429527939996,1.1801477221775476
430,74,1,1,1,0,3,3448,5,0,2,-0.18023777316291495,3.017414598067019
431,29,1,3,1,0,1,11328,24,7,0,2.014590806752559,-1.4335116958558212
432,36,1,3,0,0,0,1872,6,4,2,0.2894924776274418,0.8072795326430938
433,33,1,2,1,0,3,2058,24,6,2,-0.2683817059919696,0.36205305955292644
434,25,1,2,1,0,0,2136,9,4,2,-0.8469715453297874,-0.4662530519071968
435,25,1,2,1,4,1,1484,12,5,2,-0.6755356195419393,0.46570805341851956
436,23,1,1,2,2,3,660,6,6,2,-2.542215441622447,0.17220430105032458
437,37,0,2,1,3,3,1287,24,1,1,-0.21709013328177795,0.4397126836114685
438,65,1,0,1,0,0,3394,42,6,2,0.23090275228942378,0.8629360252111509
439,26,0,0,1,0,2,609,12,0,1,-2.2525905439857383,-0.20172311944820542
440,39,1,3,1,0,3,1884,12,1,2,0.2727731467201226,0.8994135007803308
441,30,0,2,1,0,0,1620,12,4,1,-1.2786475606030245,-1.0273903267582771
442,29,1,2,1,0,1,2629,20,7,2,-0.48235063267575584,-0.36128161101080336
443,41,1,1,1,0,3,719,12,3,2,-1.2136830723843488,1.3948732402034232
444,30,0,3,1,0,1,5096,48,4,0,1.595422220842788,-2.152502333874428
445,41,0,1,2,4,3,1244,9,3,1,-2.1262064620056442,0.545607164343223
446,34,0,2,1,0,0,1842,36,1,1,0.2021225029175087,-1.4167199534764514
447,35,1,2,1,0,1,2576,7,5,2,-0.7950631763005294,0.3044497505966016
448,55,0,3,1,4,2,1424,12,4,1,-0.1321288602629232,1.3230894775648674
449,61,1,2,1,3,1,1512,15,6,2,-0.1486162750717314,2.0002181310472285
450,30,1,3,1,4,3,11054,36,1,0,3.3590757518647076,-0.3386775225554554
451,29,0,2,1,0,3,518,6,5,1,-1.8974345774363737,-0.00542091322372351
452,34,1,2,1,0,3,2759,12,4,2,-0.45787335651503724,0.678612676304446
453,35,1,3,1,0,3,2670,24,1,2,0.9145661550699037,0.31685954499445895
454,31,1,2,1,0,0,4817,24,1,0,0.7598375916809205,-0.7588823507586951
455,29,0,3,1,0,3,2679,24,1,1,0.2864054383473872,-0.7666458151437868
456,36,1,2,2,0,0,3905,11,1,2,-0.5519571431379809,-0.8713042053477696
457,35,1,2,0,0,0,3386,12,1,2,0.602247999747011,0.6602901721075186
458,27,0,2,1,0,0,343,6,2,1,-1.661562362346292,-0.8786949164237716
459,32,1,2,1,0,3,4594,18,5,2,0.060312044485288735,0.23746483395676113
460,37,1,2,1,0,0,3620,36,4,0,0.8592971421780441,-0.6982816554105628
461,36,1,2,1,0,0,1721,15,1,2,-0.20135606163317255,0.009441624208375738
462,34,0,3,2,0,1,3017,12,4,1,-1.007732740117308,-1.6221074786748666
463,38,1,2,1,4,1,754,12,3,2,-0.4313488250236023,1.2090781105738244
464,34,1,2,1,0,3,1950,18,0,2,0.035703924893230904,0.6581920948497421
465,63,1,2,1,0,0,2924,24,1,2,0.862525053375617,1.0183229720532059
466,29,0,1,2,0,0,1659,24,5,1,-1.9977029418915604,-2.0281477258990352
467,32,1,2,1,4,3,7238,48,5,0,2.2241886424600446,-0.09198207416191753
468,26,0,2,1,0,3,2764,33,0,1,0.2187550756505034,-0.9838869636193734
469,35,1,1,1,0,3,4679,24,1,2,0.23883777192343547,0.44225628647068843
470,22,1,2,2,1,1,3092,24,5,2,-0.6670524311992281,-1.4411554084826248
471,23,0,2,1,0,0,448,6,3,1,-1.7973804771908957,-1.1061811771824908
472,28,1,1,1,0,0,654,9,1,2,-1.3545207510444361,0.017933276680033083
473,36,1,3,1,4,3,1238,6,3,2,-0.09839638278949249,1.6115734571002636
474,33,1,2,1,0,1,1245,18,5,2,-0.5989838952558709,0.042908747131476396
475,26,0,2,2,0,0,3114,18,4,1,-1.377638686143238,-2.3066454246430075
476,24,1,2,1,2,3,2569,39,1,0,0.9963231108835449,-0.1109209509911698
477,25,1,2,1,0,2,5152,24,5,2,0.34289412870891145,-0.5994000199357216
478,39,1,1,1,1,1,1037,12,0,2,-0.8125755725014798,0.9187453401969551
479,44,1,2,1,0,0,1478,15,4,2,-0.4183537445980183,0.3847137461624247
480,23,0,1,1,0,1,3573,12,5,1,-1.6291784268442302,-1.1473182693619228
481,26,1,2,1,0,1,1201,24,1,2,-0.056430234883178644,-0.3986040545789217
482,57,0,2,2,3,0,3622,30,4,1,-0.0567456769002715,-0.5958500563677468
483,30,0,2,1,3,3,960,15,4,1,-1.0853689364436245,0.29592954480526107
484,44,1,2,1,2,3,1163,12,1,2,-0.2043940647379432,1.709344790236949
485,47,1,3,1,0,1,1209,6,1,2,-0.004225829156015445,0.9522948812713127
486,52,1,2,1,0,3,3077,12,5,2,-0.21372935363675596,1.528591636063066
487,62,0,2,0,0,3,3757,24,1,0,1.0830441654396017,1.7161478820002036
488,35,1,1,2,1,3,1418,10,1,2,-1.6052853771051594,0.4927266905024238
489,26,1,2,2,0,3,3518,6,1,2,-1.0193623460574361,-0.3820741197298221
490,26,1,2,1,0,3,1934,12,5,2,-0.8432797427829274,0.33296716286826733
491,42,0,3,0,0,1,8318,27,0,0,2.491019631353046,-0.4879155722663585
492,27,0,2,1,1,3,1237,6,5,1,-1.7122431837485874,-0.009657996419089876
493,38,1,2,1,4,1,368,6,5,2,-0.9732888110875815,1.3627320668566825
494,39,1,1,2,0,0,2122,12,1,2,-1.3659794203942672,-0.42894932319713946
495,20,1,2,1,4,0,2996,24,4,2,0.20162099479112874,-0.5068030469265982
496,29,1,3,2,1,1,9034,36,4,0,1.8341949106031503,-2.1014506805087954
497,40,1,2,1,0,3,1585,24,4,2,-0.06179926544557522,0.7738828060218305
498,32,1,1,1,0,1,1301,18,5,2,-1.144822439468602,0.14115555176925265
499,28,1,2,1,1,2,1323,6,1,2,-0.7497548042432113,0.5946153649494661
500,27,0,2,1,0,0,3123,24,1,1,-0.18317978438921578,-1.5915264460749734
501,42,1,2,0,0,0,5493,36,1,0,2.224530134554667,0.19261873693182555
502,49,1,2,1,1,2,1126,9,5,2,-0.7209346590695751,1.5280608836091896
503,38,1,2,1,1,1,1216,24,5,2,-0.18902553155872293,0.3084298859773486
504,24,0,2,2,0,0,1207,24,1,1,-1.2344878198838147,-2.3426214655066198
505,27,1,1,1,4,3,1309,10,1,2,-0.9317304582673405,1.3921640350462612
506,36,1,2,1,2,2,2360,15,1,2,0.05789353414434543,0.8383680577088892
507,34,1,3,1,1,1,6850,15,1,0,1.4224314398159463,-0.28920325288050663
508,28,1,2,1,0,3,1413,24,5,2,-0.3762328906745362,0.1721571524364371
509,45,1,3,1,1,3,8588,39,1,0,3.0210444674524766,0.041268502912766146
510,26,1,2,1,0,0,759,12,1,2,-0.6834860951289297,-0.33431307888944056
511,32,1,3,0,0,3,4686,36,1,0,2.4393637758566884,0.43983004652600005
512,26,1,2,2,0,2,2687,15,0,2,-0.6807344719164279,-0.8011654251968375
513,20,1,2,2,0,1,585,12,5,2,-1.8162685757430803,-1.1802112441636812
514,54,1,2,1,4,3,2255,24,1,2,0.8488160558566631,2.1382707617550314
515,37,0,2,1,0,0,609,6,1,1,-1.3555824634046945,-0.39926675345790963
516,40,1,1,1,0,0,1361,6,1,2,-1.1609169811204771,0.6204986249032723
517,23,0,2,2,0,3,7127,36,4,1,0.19812425826172073,-2.467276949910703
518,43,1,2,1,1,0,1203,6,1,2,-0.536901330408182,0.7980696810085868
519,36,1,2,0,4,3,700,6,5,2,-0.32763183759417985,2.560899497774797
520,44,1,2,0,0,3,5507,24,6,2,1.2214250346641764,1.3523606164634732
521,24,0,2,1,0,0,3190,18,5,1,-0.8724156862961882,-1.6583611179981945
522,53,1,2,0,0,0,7119,48,4,0,2.9765172147102503,0.2364385718230063
523,23,0,2,1,1,3,3488,24,1,1,-0.11295039303141777,-0.8266152667821749
524,26,0,1,1,0,1,1113,18,5,1,-1.81213053060139,-0.9286303966851307
525,30,1,2,1,0,1,7966,26,1,0,1.476179409924335,-0.8910779151603736
526,31,0,2,1,1,3,1532,15,3,1,-0.9896106603190548,-0.04363694166194949
527,42,1,1,1,0,3,1503,4,5,2,-1.5898409902008557,1.5295231517786085
528,31,1,2,2,0,0,2302,36,5,2,-0.20988107567642175,-1.6829508719670834
529,41,1,1,1,0,0,662,6,1,2,-1.2876334529160294,0.7334266539458634
530,32,1,2,1,0,1,2273,36,3,2,0.6042614167927731,-0.5439603420896695
531,28,0,2,2,1,1,2631,15,1,1,-1.2249397531024282,-1.6025002592047397
532,41,1,2,2,0,3,1503,12,1,2,-0.9285462865941394,0.39599821099693455
533,26,1,2,1,1,3,1311,24,5,2,-0.3591234686809165,0.24789431680190685
534,25,1,2,1,4,3,3105,24,5,2,0.19352752695206357,0.5434730107027633
535,33,1,2,2,0,2,2319,21,3,2,-0.6672630672055452,-0.6183311497949957
536,75,0,3,1,4,0,1374,6,1,1,0.1934797470738774,1.9543499790433079
537,37,0,2,1,0,1,3612,18,4,1,-0.4944369755843487,-0.7577263923109833
538,42,1,3,0,0,0,7763,48,1,0,3.773977293747462,-0.49152139339025364
539,45,0,1,1,0,2,3049,18,4,1,-1.0339528948058463,0.13093465500192727
540,23,1,2,2,0,1,1534,12,5,2,-1.5758507418475218,-1.1241175299877684
541,60,1,2,0,0,3,2032,24,1,2,1.2416450600459359,2.548680017552165
542,31,1,2,1,4,0,6350,30,4,0,1.326318064451319,-0.43223154006586034
543,34,1,1,1,0,2,2864,18,4,2,-0.700780164322238,0.3785531880512176
544,61,1,1,1,0,3,1255,12,1,2,-0.6014606170450384,2.3559097900145596
545,43,1,2,0,0,0,1333,24,1,2,0.8514360257292638,0.9295071392043563
546,37,0,2,1,0,3,2022,24,1,1,-0.2646570396187928,-0.1642176466801821
547,32,1,2,1,0,3,1552,24,5,2,-0.2852068988746183,0.35176291562473644
548,24,0,1,1,0,0,626,12,5,1,-2.2080869753008296,-1.1123680282254818
549,35,1,2,0,4,3,8858,48,1,0,3.6058217372190704,0.7292275977074684
550,23,0,2,1,4,3,996,12,6,1,-1.4436271652895483,0.14703771663730178
551,45,1,1,1,2,3,1750,6,5,2,-1.267641993228754,1.9433586511391445
552,34,1,2,1,0,0,6999,48,5,0,1.951662484330947,-1.5037747127067354
553,27,1,2,1,1,1,1995,12,1,2,-0.3508592401798514,0.04042391624883171
554,67,0,3,1,0,1,1199,9,3,1,-0.29475800828198884,1.0530048073029272
555,22,1,2,1,0,1,1331,12,5,2,-1.0168226000742164,-0.37873466160022373
556,28,0,2,1,1,1,2278,18,1,1,-0.5453148319009162,-0.8715177848131802
557,29,0,2,1,4,3,5003,21,1,1,0.35551022634845725,-0.08438509354057366
558,27,1,2,1,0,0,3552,24,4,2,0.1550371545007622,-0.9057011377716544
559,31,1,1,1,0,1,1928,18,4,2,-0.9328838760565124,0.03525257635276382
560,49,1,2,0,4,0,2964,24,1,2,1.5455972947070118,1.7593166939046043
561,24,1,1,2,0,0,1546,24,5,2,-1.5544411449065487,-1.504733082527689
562,29,0,2,1,0,2,683,6,5,1,-1.855235439456726,-0.32021441247689736
563,37,1,2,0,4,1,12389,36,1,0,3.82256734250425,0.24726583398118476
564,37,1,3,1,4,1,4712,24,0,0,1.7400124802391128,0.34881277751210105
565,23,0,2,2,1,1,1553,24,5,1,-1.5000997983156354,-2.047586777742157
566,36,1,2,1,0,0,1372,12,1,2,-0.40355097309483445,0.0980104190120123
567,34,1,2,1,3,3,2578,24,5,2,0.1574263429904826,0.8656863207912101
568,41,1,2,1,4,1,3979,48,5,0,1.7089518649043511,0.08869460607557442
569,31,0,2,1,0,0,6758,48,5,0,1.3189337817388072,-2.416624422246324
570,23,0,1,2,0,0,3234,24,4,1,-1.6669202034417365,-2.481561866220465
571,38,1,2,1,0,3,5954,30,5,0,0.9759170534252429,0.08243438255620796
572,26,0,3,2,4,3,5433,24,1,1,0.4615396243806018,-1.2919977972552366
573,22,0,1,1,0,0,806,15,0,1,-1.581557518207214,-1.2366632686511758
574,27,1,1,1,0,1,1082,9,5,2,-1.6690254802049738,0.1259945768637598
575,24,0,2,1,0,3,2788,15,4,1,-1.0023345703770614,-0.7073603031889436
576,27,0,2,1,0,1,2930,12,5,1,-1.1521559196223263,-1.0640054438996884
577,33,0,2,1,4,3,1927,24,3,1,-0.26781920563200984,0.2936190797851097
578,27,1,2,1,0,1,2820,36,1,0,0.8350652794522803,-0.8252709876880195
579,27,1,1,1,0,3,937,24,3,2,-0.8350361498900937,0.3406104595180652
580,30,1,2,1,0,1,1056,18,1,2,-0.2917597829339032,-0.05112776689550263
581,49,1,1,1,0,1,3124,12,1,2,-0.3942053394765539,1.0178228767807391
582,26,0,2,2,0,3,1388,9,4,1,-2.1430215958930745,-1.103902565788258
583,33,1,1,2,0,1,2384,36,6,2,-0.8039206396751276,-1.1803086982721107
584,52,0,3,0,4,3,2133,12,1,1,0.8739211412638235,2.1812368417469163
585,20,0,2,2,0,0,2039,18,4,1,-1.6836895712717657,-2.5280768184440907
586,36,1,2,2,0,0,2799,9,1,2,-0.8622738853824399,-0.7423209622517082
587,21,1,1,1,0,0,1289,12,4,2,-1.4817131995293304,-0.5356011239292263
588,47,1,1,1,0,0,1217,18,2,2,-0.6351771221892376,0.6493153063435493
589,60,1,2,1,0,0,2246,12,4,2,-0.14847972383435842,1.1688785919647335
590,58,0,1,1,0,0,385,12,5,1,-1.7367265344899043,0.6042880910111676
591,42,0,2,2,4,1,1965,24,1,1,-0.5360273341087642,-0.5668914891055595
592,36,0,1,1,3,3,1572,21,0,1,-0.7494084951207078,0.5821577191534487
593,20,0,1,2,0,1,2718,24,1,1,-1.5304913324183023,-2.265975310259651
594,40,1,3,1,4,0,1358,24,7,2,0.4297257429865585,0.42565693988334863
595,32,0,1,1,1,1,931,6,1,1,-1.8423050952328097,-0.08841021226960721
596,23,0,2,2,0,0,1442,24,1,1,-1.1979146264813199,-2.432760699196132
597,36,1,1,1,0,1,4241,24,0,2,0.2746547363060757,-0.03209119376765643
598,31,1,2,1,0,3,2775,18,1,2,0.0670962831333015,0.38961969644994837
599,32,1,2,0,0,3,3863,24,0,2,1.2870311655532942,0.9788236549897945
600,45,0,2,1,0,1,2329,7,5,1,-1.2248989301495363,0.0163379184455171
601,30,0,2,1,0,1,918,9,4,1,-1.5543140806886209,-0.6390543849786797
602,34,0,1,0,0,1,1837,24,3,1,-0.45959057412994564,0.04481992278673848
603,28,0,3,1,0,3,3349,36,4,1,0.6657910149828996,-1.2591499040836713
604,23,0,2,1,0,2,1275,10,4,1,-1.5468561814656585,-0.771510761234439
605,22,1,2,1,2,0,2828,24,4,2,0.06784440701555904,-0.7550443596815052
606,74,1,3,1,0,3,4526,24,0,0,1.9912617367210812,2.080638897410763
607,50,0,2,0,1,1,2671,36,5,1,0.9136422298727124,0.4440454624190002
608,33,1,2,1,0,3,2051,18,5,2,-0.4366103655943406,0.4962321355184509
609,45,1,2,0,4,3,1300,15,1,2,0.7293640346050458,2.767377534213812
610,22,0,2,1,1,0,741,12,2,1,-1.3118701543039253,-1.1779959235204323
611,48,0,1,0,1,2,1240,10,1,1,-0.7426487396762324,1.6355255573624923
612,29,0,2,1,3,0,3357,21,5,1,-0.4206432178613249,-1.0043371456214638
613,22,0,2,2,0,0,3632,24,1,1,-0.7659080925566535,-2.69111345055051
614,22,0,2,1,0,3,1808,18,4,1,-1.0955096965157871,-0.7999947875593753
615,48,1,3,1,4,1,12204,48,0,0,4.5216159189585845,-0.42389189216216605
616,27,1,3,0,4,1,9157,60,5,0,4.253256409273657,-0.7913087390252129
617,37,1,2,2,0,0,3676,6,1,2,-0.802379317325207,-0.7038721742197835
618,21,0,2,2,1,1,3441,30,4,1,-0.775640481191372,-2.473076631792738
619,49,1,1,1,0,3,640,12,1,2,-0.9067441768559839,1.7978928628679833
620,27,1,2,1,0,1,3652,21,0,2,0.42575103361954064,-0.5138460404571489
621,32,1,2,1,0,3,1530,18,1,2,-0.17052393733215432,0.5516780380029125
622,38,1,2,1,4,3,3914,48,0,0,2.1283341427638596,0.5631820584033683
623,22,0,2,2,0,0,1858,12,4,1,-1.9594666398304323,-2.265383477718602
624,65,1,2,0,0,0,2600,18,5,2,0.7907535923358918,1.990710277812259
625,35,1,2,1,4,3,1979,15,5,2,-0.2861299714936917,1.3612821530441523
626,41,1,2,1,0,2,2116,6,4,2,-0.7419514430934019,0.9306218535578268
627,29,1,2,1,1,1,1437,9,1,2,-0.5664751064695176,0.25478140393906207
628,36,1,2,1,2,3,4042,42,4,0,1.3314416010773322,0.20116964178523142
629,64,1,1,1,4,3,3832,9,3,2,-0.08621273806029718,2.980113215603951
630,28,0,2,1,0,0,3660,24,5,1,-0.4399214790284218,-1.6765696848636966
631,44,1,2,1,0,0,1553,18,4,2,-0.26109607275901975,0.27128474310207423
632,23,1,2,1,4,1,1444,15,5,2,-0.5703249332133963,0.254059622536492
633,19,0,2,2,0,3,1980,9,4,1,-2.1269379213825537,-1.519809443906235
634,25,0,1,1,0,1,1355,24,1,1,-1.115342919889482,-1.11673151572496
635,47,1,2,1,0,3,1393,12,3,2,-0.43352919293808206,1.436213829254715
636,28,0,2,1,2,3,1376,24,5,1,-0.7821632035015808,-0.2889009977616553
637,21,1,2,1,0,3,15653,60,5,0,4.051988616205569,-2.4547756938621204
638,34,0,2,1,0,3,1493,12,5,1,-1.3433972301837187,-0.03614599251071504
639,26,1,2,1,0,0,4370,42,5,0,1.0262609004655079,-1.522316212067293
640,27,0,0,1,0,0,750,18,3,1,-2.2116320818704973,-0.9569965172845263
641,38,1,1,1,0,1,1308,15,6,2,-1.278030486271559,0.4745296042953181
642,40,1,3,1,1,3,4623,15,3,2,0.8644475775332303,0.7185143280105936
643,33,1,2,1,0,3,1851,24,5,2,-0.2049014313398387,0.3549870684493173
644,32,1,3,1,0,0,1880,18,5,2,0.06932262124341629,-0.5358036938143004
645,27,1,2,2,4,3,7980,36,0,0,1.6335100549185546,-0.8458364712749898
646,32,1,2,1,0,0,4583,30,4,0,0.7162820169866033,-0.9222128942403138
647,26,0,2,1,2,3,1386,12,1,1,-0.9651478035641987,-0.026655657131440295
648,38,1,2,0,0,2,947,24,1,2,0.6931614498695504,1.250124466566355
649,40,1,1,2,0,0,684,12,3,2,-1.8308484487281491,-0.3044252661582761
650,50,1,3,0,0,0,7476,48,3,0,3.6487615636772697,-0.11577456722977014
651,37,1,1,1,0,1,1922,12,4,2,-1.1096565654466126,0.47123519979411677
652,45,1,2,1,0,0,2303,24,1,2,0.4692441639911254,0.13844331174539415
653,42,1,3,1,1,1,8086,36,1,0,2.7512118481549783,-0.5687976813737193
654,35,1,2,1,0,3,2346,24,1,2,0.31403061034614455,0.46595535172375574
655,22,1,2,0,0,0,3973,14,1,2,0.6223603075500994,-0.13547854546894755
656,41,1,1,1,0,1,888,12,1,2,-0.9689847203611655,0.81177831902178
657,37,1,2,1,4,3,10222,48,5,0,2.916987406405682,-0.15821766895792802
658,28,0,2,1,0,1,4221,30,0,1,0.42659943062656064,-1.5359714444211239
659,41,1,2,1,0,1,6361,18,4,2,0.6708399857531951,-0.0568231221612073
660,23,1,2,2,0,2,1297,12,5,2,-1.6229053156341409,-0.8479785493052
661,23,1,2,1,4,0,900,12,1,2,-0.4246569560985072,0.1575842936148161
662,50,1,2,1,0,3,2241,21,4,2,0.09603965610566507,1.2573052426610438
663,35,1,3,1,0,1,1050,6,4,2,-0.5024162949247216,0.28687957902030664
664,50,0,1,1,0,2,1047,6,3,1,-1.8058063013524945,0.8650636481515454
665,27,1,3,1,0,3,6314,24,7,0,0.9640104805534245,-0.5553345406459724
666,34,1,2,1,3,1,3496,30,4,2,0.7242412955040509,0.06698832414836403
667,27,0,2,1,0,3,3609,48,0,0,1.0922709547338094,-1.434707250267258
668,43,1,2,2,0,0,4843,12,1,2,-0.19972159808983475,-0.6757710386936251
669,47,1,2,1,0,2,3017,30,5,2,0.5223738164916422,0.5111080990939811
670,27,1,1,1,1,3,4139,24,0,2,0.17934282346223618,0.23881005061477145
671,31,1,2,1,1,3,5742,36,0,0,1.652282996098471,-0.17556006594281798
672,42,1,3,1,0,3,10366,60,1,0,4.2258858846019525,-1.014392887952129
673,24,1,2,1,2,3,2080,6,1,2,-0.5855052768911713,0.7380892761090551
674,41,1,1,1,2,3,2580,21,0,2,0.0070781039957500975,1.3326722828898978
675,26,0,3,2,0,3,4530,30,5,1,-0.10364738227729771,-2.1251037410892715
676,33,1,2,1,0,3,5150,24,4,2,0.5659217413402099,0.054606459125456495
677,24,1,2,1,1,1,5595,72,5,0,2.6656640015295645,-2.061193610524663
678,64,1,1,2,0,0,2384,24,5,2,-0.76834545611556,0.39662691130874905
679,26,0,2,1,0,3,1453,18,5,1,-1.200859485642049,-0.5940974787071832
680,56,0,2,1,0,3,1538,6,3,1,-1.0742864508441223,1.2356549424858678
681,37,1,2,0,4,3,2279,12,5,2,0.287472266489137,2.2782867509644933
682,33,1,2,1,0,3,1478,15,5,2,-0.6857972986142237,0.6118547415510887
683,47,1,2,0,0,3,5103,24,5,2,1.288506893426295,1.5231737035998745
684,31,1,1,1,1,1,9857,36,0,0,1.9565295893538057,-0.9600099814956671
685,34,1,2,0,4,3,6527,60,1,0,3.6630607590112225,0.5644042655255294
686,27,1,2,1,4,2,1347,10,5,2,-0.7564491170182857,0.85791341353169
687,30,1,2,0,1,1,2862,36,1,0,1.5764285071944673,0.25023340047736536
688,35,1,2,1,1,3,2753,9,5,2,-0.5987014924085029,0.9158250086797063
689,31,1,2,1,3,0,3651,12,1,2,0.19215522576376812,0.12395155974272054
690,25,1,2,1,0,0,975,15,4,2,-0.8018099764415683,-0.5609938890555293
691,25,0,1,1,1,1,2631,15,6,1,-1.675663351281472,-0.920615695643486
692,29,1,2,1,1,1,2896,24,5,2,0.024257818032182212,-0.33654948528132694
693,44,1,1,1,4,0,4716,6,1,2,-0.1388551885005354,1.157001935906627
694,28,1,2,1,0,3,2284,24,5,2,-0.19072519045581415,0.05409820551806842
695,50,1,2,2,2,3,1236,6,1,2,-0.9750351745563877,1.3351478145353053
696,29,1,2,1,0,1,1103,12,5,2,-0.9505203808322923,-0.03462007073848941
697,38,0,0,1,0,3,926,12,1,1,-2.0944950539770306,0.5814574608779058
698,24,1,2,1,0,3,1800,18,5,2,-0.6212676628897262,0.05141198548266286
699,40,1,3,2,0,2,1905,15,3,2,-0.36588655970488065,-0.2665190993059857
700,29,0,1,2,2,3,1123,12,4,1,-2.419075670536144,-0.527866034283681
701,46,1,2,0,0,0,6331,48,1,0,3.0069300472800684,-0.030993244204688485
702,47,0,2,0,1,2,1377,24,5,1,0.062233482919723054,0.9799718562596589
703,41,1,2,1,1,1,2503,30,0,2,0.8824455235960791,0.21995672988837225
704,32,0,2,1,0,1,2528,27,0,1,0.008879341391328567,-1.1097585587353986
705,35,0,2,0,2,3,5324,15,1,1,0.7281197668488354,0.7469088478822444
706,24,1,2,1,1,1,6560,48,1,0,2.166681270626115,-1.4855494470333073
707,25,0,2,2,0,1,2969,12,4,1,-1.687427141748764,-1.9581099560697484
708,25,0,2,1,0,1,1206,9,5,1,-1.6640767046210094,-0.9522066631194719
709,37,1,1,1,0,1,2118,9,5,2,-1.2994807250221034,0.5032094191868248
710,32,1,3,1,2,3,629,18,5,2,-0.059738962852169536,0.7434053604359233
711,35,0,2,0,0,0,1198,6,3,1,-0.8361343218164844,0.15670633771792908
712,46,1,3,1,4,3,2476,21,1,2,1.1877706034593765,1.5963962643199854
713,25,1,1,1,0,0,1138,9,5,2,-1.6783730068875256,-0.2842392737743062
714,27,1,3,1,0,1,14027,60,1,0,4.7529727423070485,-2.6713677791531905
715,63,1,2,1,4,3,7596,30,1,0,2.3546989276237245,1.8964961921942771
716,40,1,2,1,4,3,3077,30,5,2,0.6954039558578844,1.1082854213672972
717,32,1,3,0,0,3,1505,18,5,2,0.5994998932305206,1.0969692685898598
718,31,1,2,1,4,2,3148,24,5,2,0.3054936329482516,0.5261674473971518
719,31,1,2,1,1,1,6148,20,1,0,0.9253543664543877,-0.38467291795130654
720,34,1,3,1,0,2,1337,9,5,2,-0.42181876709705945,0.38492210950085565
721,24,0,2,2,3,1,433,6,3,1,-2.1913525163304888,-1.0919669331336832
722,24,0,1,1,0,0,1228,12,1,1,-1.6909172501116472,-1.1435816480525218
723,66,0,1,1,2,1,790,9,5,1,-1.5310617170817302,1.637375762057603
724,21,0,2,2,0,3,2570,27,1,1,-0.8689876659023437,-1.9075312038914898
725,41,0,1,1,3,3,250,6,1,1,-1.7112807760211601,1.2979643224015607
726,47,1,1,1,2,3,1316,15,5,2,-0.9116781412499657,1.8200978253084241
727,25,0,2,2,0,0,1882,18,5,1,-1.7301358784713636,-2.30577008151652
728,59,0,2,2,0,1,6416,48,0,0,1.5480433597650467,-1.441642978826076
729,36,1,2,1,3,2,1275,24,0,2,0.41675964574603014,0.8525293866336713
730,33,1,2,1,0,1,6403,24,5,2,0.7346181549775795,-0.6431718645605841
731,21,1,1,2,0,0,1987,24,5,2,-1.5030596032732904,-1.7296159418101025
732,44,0,1,1,0,1,760,8,5,1,-2.0523136972263796,0.21991786507361202
733,28,0,2,2,3,3,2603,24,1,1,-0.6885130568173006,-0.9716317581147385
734,37,0,2,1,0,3,3380,4,1,1,-0.8830990319715344,0.18203527843367903
735,29,0,0,1,4,1,3990,36,2,1,-0.34109780147770624,-0.6606385377578402
736,23,0,3,2,0,1,11560,24,1,0,1.4102814843825873,-3.287858144472978
737,35,1,1,1,1,0,4380,18,1,2,-0.002869402873176643,-0.09072121873403098
738,45,1,3,1,0,3,6761,6,1,2,1.1004033373391893,0.8379592188027467
739,26,0,1,2,1,1,4280,30,0,1,-0.679140885560153,-2.1074350599297307
740,32,1,2,1,1,0,2325,24,1,2,0.3464975842486381,-0.36056563285311655
741,23,1,1,1,0,1,1048,10,5,2,-1.6847133667431706,-0.1294309351412085
742,41,1,2,1,4,3,3160,21,5,2,0.32218957485621147,1.3751039036962371
743,22,1,2,1,2,0,2483,24,4,2,0.003368778041559175,-0.7498763542095046
744,30,1,3,1,4,0,14179,39,4,0,3.865503873169927,-1.6425402909660958
745,28,1,1,1,0,0,1797,13,0,2,-0.8324298596686537,-0.22990289498476404
746,23,0,2,2,0,0,2511,15,1,1,-1.380066260449817,-2.33264907226194
747,37,0,1,1,0,0,1274,12,1,1,-1.4821427902322792,-0.5018980779017758
748,26,1,2,1,4,3,5248,21,1,2,0.906363844741235,0.48680171028443486
749,33,1,2,1,0,3,3029,15,1,2,0.020321859495404347,0.5128584386950489
750,49,0,2,1,0,0,428,6,4,1,-1.489683382391853,0.12783921815516905
751,23,0,1,1,0,0,976,18,1,1,-1.48532257693257,-1.3288507688233915
752,23,0,1,2,1,1,841,12,0,1,-2.238567342175033,-1.4791206250905788
753,25,0,2,1,0,3,5771,30,5,1,0.20946972884741386,-1.3689591577200637
754,55,1,2,0,3,3,1555,12,6,2,0.25345549458016103,3.046870629997373
755,32,0,2,2,4,0,1285,24,1,1,-0.8164317939514516,-1.3137165506243533
756,74,1,0,1,0,2,1299,6,1,2,-1.1953272214468025,2.9948500652432126
757,39,1,2,0,4,2,1271,15,5,2,0.2550213334373712,2.1037384220340076
758,31,1,2,1,0,3,1393,24,1,2,0.06311282747913848,0.33442467078971605
759,35,1,2,1,0,0,691,12,1,2,-0.5494537347044501,0.07374471037219166
760,59,0,2,1,4,3,5045,15,1,1,0.5593968723977305,1.526956915203964
761,24,0,2,2,0,0,2124,18,4,1,-1.5978470089562884,-2.37033868313993
762,24,1,1,1,0,0,2214,12,5,2,-1.3366492841040796,-0.521172498721331
763,30,1,3,0,4,3,12680,21,1,0,3.641466989794972,0.609765665861133
764,27,1,2,1,1,3,2463,24,1,2,0.28787165954503746,0.2040796081419145
765,40,1,1,1,0,1,1155,12,5,2,-1.3121850468799359,0.6559899903176842
766,31,1,1,1,0,0,3108,30,4,2,-0.1376432993789259,-0.6995575910731331
767,31,0,2,2,4,3,2901,10,1,1,-1.1455132677888606,-0.3275538622120815
768,28,1,2,2,0,1,3617,12,4,2,-0.9683937307108816,-1.0986750987207519
769,63,1,1,1,0,3,1655,12,5,2,-0.8668395283342186,2.3150886228533682
770,26,0,2,2,4,0,2812,24,1,1,-0.5959770863831582,-1.7599784410164192
771,25,0,3,1,0,0,8065,36,3,0,1.6970163052313496,-2.701493059643247
772,36,1,3,1,0,3,3275,21,1,2,0.9312498321937844,0.3241693459743932
773,52,1,2,1,1,3,2223,24,5,2,0.23370441596486644,1.4171891377594246
774,66,1,0,0,2,2,1480,12,1,2,-0.25895519265203437,3.5426255959181367
775,25,0,2,2,4,0,1371,24,1,1,-0.9048397795083079,-1.676179711448868
776,37,1,2,1,0,3,3535,36,1,0,1.1341690052274211,0.12468505251091941
777,25,0,2,1,0,0,3509,18,5,1,-0.7812268117133101,-1.6884491901864493
778,38,1,3,1,3,3,5711,36,1,0,2.338286128547841,0.32618507047894035
779,67,0,2,1,0,1,3872,18,6,1,-0.16695198784690915,0.6428106154193923
780,25,1,2,1,0,1,4933,39,5,0,0.9924627248546497,-1.2986962513959701
781,60,1,2,1,3,3,1940,24,1,2,0.8201256120686082,2.244455073397339
782,31,1,1,1,0,1,1410,12,3,2,-1.203263517477906,0.2078194792659501
783,23,0,1,1,1,1,836,12,1,1,-1.7199856286066615,-0.7201700826850017
784,60,1,3,1,4,1,6468,20,1,0,2.180889840653616,1.3800745221399326
785,35,1,1,1,3,1,1941,18,0,2,-0.2705048251317555,0.7629465235576122
786,40,1,2,1,2,3,2675,22,5,2,0.12036745957343895,0.9937752406939957
787,38,1,2,1,4,3,2751,48,1,0,1.8014618522719852,0.624765423392306
788,50,1,2,0,0,1,6224,48,3,0,2.8524932434658075,0.41008503494945553
789,27,1,2,1,0,0,5998,40,3,0,1.4830228461902495,-1.5733878531319754
790,39,0,2,1,0,1,1188,21,0,1,-0.42489409960062846,-0.4976902556871031
791,41,1,3,1,4,3,6313,24,1,0,2.0327115104501643,0.8949129584133656
792,27,1,2,1,4,3,1221,6,4,2,-0.865377740444572,1.2433002009595535
793,51,1,2,0,0,2,2892,24,4,2,1.00397895315484,1.6460313869936005
794,32,1,2,2,2,3,3062,24,4,2,-0.35038277513134564,-0.2601692708368487
795,22,0,2,2,1,3,2301,9,4,1,-1.941470463733031,-1.260231652626067
796,51,1,2,0,4,0,7511,18,1,0,2.2422784239951428,1.5406502494473546
797,22,0,1,2,0,3,1258,12,4,1,-2.6289302610224055,-1.2525316103794248
798,54,1,2,1,4,3,717,24,1,2,0.5472983544515887,2.226391623323311
799,35,1,0,1,4,1,1549,9,1,2,-1.3287585174917398,1.341192167357495
800,54,1,2,0,0,3,1597,24,3,2,0.878916665736831,2.2084206131970654
801,48,0,1,2,0,1,1795,18,5,1,-1.9406889170534705,-0.7247624680623759
802,24,0,2,1,0,0,4272,20,4,1,-0.45275576720452776,-1.8510329711111153
803,35,1,2,1,4,3,976,12,5,2,-0.6185701362427932,1.4967082964587177
804,24,0,0,2,4,1,7472,12,1,1,-1.3067497956301448,-1.4026331579119848
805,24,1,2,1,0,0,9271,36,1,0,2.1181412831082693,-1.9013184164261427
806,26,1,1,1,0,1,590,6,5,2,-1.91023249650052,0.15292021049887383
807,65,1,2,1,4,3,930,12,5,2,-0.17009074463544974,3.0023060188763684
808,55,1,3,0,0,1,9283,42,1,0,4.018885698793918,0.39470438977555716
809,26,0,0,2,0,1,1778,15,1,1,-2.5709533920741783,-1.532139701957882
810,26,1,2,1,0,1,907,8,0,2,-0.7282947055318734,-0.012689275777581091
811,28,1,1,1,0,1,484,6,5,2,-1.9011205911499651,0.2619959018804541
812,24,1,2,1,0,0,9629,36,1,0,2.191435015154504,-1.9361960220267336
813,54,1,2,1,0,0,3051,48,2,0,1.753160670318521,-0.13973205770823555
814,46,1,2,0,0,0,3931,48,1,0,2.522377748486811,0.17139677694335723
815,54,0,2,2,0,1,7432,36,1,0,1.0438685727720038,-1.5128249529899365
816,62,1,2,1,2,3,1338,6,2,2,-0.24773272243496886,2.667231428260439
817,24,0,2,2,0,3,1554,6,5,1,-2.3619468193917252,-1.2040406739145737
818,43,1,3,1,0,0,15857,36,7,0,3.7139346886383104,-1.8161258681749683
819,26,1,2,1,0,0,1345,18,5,2,-0.6668793091154765,-0.6622689507698232
820,27,1,2,1,0,3,1101,12,1,2,-0.5968141251240654,0.45545731861812017
821,24,1,2,1,0,2,3016,12,5,2,-0.6352599548156547,-0.21100974741850037
822,41,1,2,1,0,0,2712,36,4,2,0.7505788721552705,-0.48416705956322453
823,47,1,1,1,0,0,731,8,1,2,-1.0791883318314444,0.9185853523866631
824,35,1,3,1,0,3,3780,18,4,2,0.5954084161557659,0.2486797226812679
825,30,1,2,1,0,0,1602,21,1,2,-0.03067535793140478,-0.5044490571729917
826,33,0,2,2,0,0,3966,18,1,1,-0.7919269406099928,-2.06037889829168
827,36,1,2,1,0,3,4165,18,0,2,0.5332935249907348,0.4797174143990381
828,47,1,2,0,4,0,8335,36,1,0,3.1636278884555993,0.7977229545706866
829,38,1,2,0,4,1,6681,48,0,0,3.3240353203583544,0.4878879011527847
830,44,1,2,1,2,3,2375,24,0,2,0.6962043718817866,1.2365951650630105
831,23,0,2,2,0,0,1216,18,1,1,-1.5050005730605402,-2.3047060426406403
832,29,1,2,2,0,0,11816,45,0,0,2.602712719121329,-2.8886415151015514
833,42,0,2,1,4,1,5084,24,5,1,0.3382448031265255,-0.1862364412345757
834,25,0,1,1,0,2,2327,15,5,1,-1.7060019557235293,-0.7991409491529506
835,48,1,2,1,0,0,1082,12,1,2,-0.2681647452463629,0.6731210657466273
836,21,0,2,1,4,3,886,12,5,1,-1.3876486477177008,0.015821461209161735
837,23,0,1,2,0,3,601,4,4,1,-3.107268055064107,-0.944728019337841
838,63,1,2,1,0,0,2957,24,1,2,0.8851188663590237,0.941938891712346
839,46,1,2,1,0,3,2611,24,5,2,0.1567305106817732,0.896251500642781
840,29,1,2,1,0,0,5179,36,4,0,1.0712889170571838,-1.3194006149581234
841,28,1,1,1,0,3,2993,21,1,2,-0.33140814538478947,0.25299157975102815
842,23,0,2,1,0,3,1943,18,6,1,-1.2365399534566484,-0.8370187748370845
843,50,1,2,1,0,3,1559,24,0,2,0.48720032086542875,1.2683325516850976
844,47,1,2,1,0,3,3422,18,4,2,0.163317113143815,1.0373560708071556
845,35,1,2,1,4,1,3976,21,4,2,0.5058390608586111,0.43783305817035345
846,68,1,2,2,4,3,6761,18,1,2,1.1092580064473208,1.7260056521253735
847,28,1,2,1,0,3,1249,24,1,2,-0.008232038996309178,0.18020363339454432
848,59,1,2,1,0,0,1364,9,5,2,-0.5648144467473578,1.212166819884198
849,57,1,1,1,0,0,709,12,5,2,-1.1363599831542406,1.2548583227548826
850,33,1,2,2,0,0,2235,20,1,2,-0.5149795050749246,-1.1722794564408063
851,43,1,2,1,4,3,4042,24,1,2,1.0596990809662663,1.3540570436888697
852,35,1,2,0,0,3,1471,15,5,2,-0.034443256929366145,1.4586455078048832
853,32,1,1,0,0,0,1442,18,1,2,-0.09507924202028281,0.6193777537946059
854,45,1,2,1,0,3,10875,36,1,0,2.7561587446842,-0.1769740474501631
855,33,1,2,1,1,3,1474,24,1,2,0.18162343364142639,0.5791654005008274
856,40,0,2,1,4,3,894,10,3,1,-0.9921199989305463,1.0431442966431252
857,28,1,2,0,0,3,3343,15,4,2,0.3374304710818871,0.9468223145190224
858,29,0,2,1,0,0,3959,15,1,1,-0.3734803655554244,-1.4103445737528455
859,26,1,2,2,1,3,3577,9,1,2,-0.78873829008639,-0.36560056821285614
860,27,1,2,1,3,3,5804,24,1,0,1.107895681902921,0.21504651401915048
861,28,1,2,1,0,3,2169,18,0,2,0.005706118176136034,0.2592700159873803
862,35,0,2,1,0,0,2439,24,5,1,-0.572220809359925,-1.2574107769301637
863,32,1,1,1,3,3,4526,27,4,2,0.22593385063275603,0.6216457651861688
864,25,1,1,2,0,3,2210,10,4,2,-1.9379895990217493,-0.3716965748929997
865,20,0,2,2,2,3,2221,15,4,1,-1.6469610959596654,-1.3484796252927842
866,27,0,2,1,0,0,2389,18,5,1,-0.9752960809697026,-1.5009884496917827
867,42,1,2,1,0,3,3331,12,4,2,-0.20154102855952877,0.9440895571520637
868,37,1,2,1,4,3,7409,36,0,0,2.2941694157442947,0.44387380846339286
869,24,0,2,2,0,0,652,12,4,1,-2.164393442933395,-2.100725840897005
870,40,0,2,1,2,3,7678,36,4,0,1.3345949772356642,-0.6151390485562633
871,46,1,2,1,0,2,1343,6,1,2,-0.5225974320607829,1.2496486718205395
872,26,1,2,1,1,0,1382,24,0,2,0.16505251290054485,-0.5838443482200927
873,24,0,2,1,4,3,874,15,2,1,-0.9169867246407972,0.12782530555732158
874,29,1,1,1,0,0,3590,12,4,2,-0.878283096508482,-0.406773704498592
875,40,0,2,1,3,1,1322,11,1,1,-0.7250529683504088,0.2771765457505822
876,36,1,3,0,0,0,1940,18,5,2,0.7674875995493103,0.3926724976019448
877,28,1,2,1,0,3,3595,36,5,2,0.6263709250441135,-0.41071433240477945
878,27,1,3,0,0,0,1422,9,1,2,0.5051673506536926,0.2790703191544319
879,36,1,2,1,4,3,6742,30,5,0,1.3886032265075108,0.53300291189787
880,38,1,3,1,0,3,7814,24,1,0,2.0273556328993627,-0.09822149001842753
881,48,1,2,0,4,3,9277,24,1,0,2.8197080425454932,1.8880134425791704
882,36,1,2,1,4,1,2181,30,1,2,0.8534358640975364,0.46346994936101654
883,65,0,0,1,0,3,1098,18,5,1,-1.7556145295320889,1.668285279541582
884,43,1,2,1,0,1,4057,24,4,2,0.5121385346802488,0.06162959976218512
885,53,0,2,1,0,0,795,12,3,1,-0.980329591305415,0.12898890309909342
886,34,1,2,1,4,1,2825,24,0,2,0.7801598653483606,0.47019118811929184
887,23,1,2,1,0,1,15672,48,0,0,4.046454146610968,-2.5803126584968683
888,34,1,3,1,0,3,6614,36,1,0,2.2639917092288373,-0.49394060986225835
889,40,1,2,2,4,3,7824,28,1,0,1.352322890155102,-0.039000723242946976
890,43,1,3,1,0,0,2442,27,0,0,1.252473517890749,-0.24145707314848505
891,46,1,2,1,0,3,1829,15,5,2,-0.4070072821203868,1.1888393468726124
892,38,1,1,1,0,0,2171,12,1,2,-0.7392781523943229,0.21759013856802814
893,34,1,2,1,0,1,5800,36,1,0,1.5628777542129029,-0.8155566266266445
894,29,1,2,1,4,3,1169,18,5,2,-0.3958845565296746,1.0072657967481904
895,31,1,3,1,4,3,8947,36,1,0,2.9636435163316954,-0.17887674691190902
896,28,0,3,2,0,0,2606,21,5,1,-0.8510341023356185,-2.4913387081807707
897,35,0,2,1,3,3,1592,12,4,1,-0.9981141069061457,0.4823219962532961
898,33,0,1,2,4,3,2186,15,4,1,-1.862670871505599,-0.20002911613755112
899,42,1,2,1,0,0,4153,18,4,2,0.249928938987908,-0.12482805341445424
900,43,1,2,2,0,0,2625,16,1,2,-0.4614359148140893,-0.6158525349260044
901,44,1,2,1,4,3,3485,20,1,2,0.7828433245978543,1.5484816870483835
902,42,1,2,0,4,3,10477,36,1,0,3.5157431094178837,1.1650062286524772
903,40,1,2,2,4,3,1386,15,5,2,-0.9339744841566853,0.8330915420122716
904,36,1,3,1,0,3,1278,24,5,2,0.27815583596512444,0.3492567887424666
905,20,1,3,2,0,0,1107,12,5,2,-1.1463038887022228,-1.741903539556693
906,24,1,1,1,4,0,3763,21,1,2,0.04826295348730438,-0.17976565749998696
907,27,1,2,1,4,1,3711,36,3,0,1.1066481913928456,-0.3179862694646011
908,46,0,1,1,0,3,3594,15,1,1,-0.7409449304403258,0.4560602711178061
909,33,0,1,1,4,1,3195,9,1,1,-1.0144956262754068,0.1252763896783039
910,34,0,2,1,0,3,4454,36,5,1,0.3559187233139831,-0.9790237515943835
911,25,0,1,1,0,1,4736,24,4,1,-0.7044431082650369,-1.532046633338109
912,25,0,2,1,4,1,2991,30,5,1,-0.07351327870218102,-1.0101565109378716
913,28,1,2,1,3,3,2142,11,0,2,-0.11168505206058514,0.9439053612251348
914,31,1,2,2,0,0,3161,24,0,2,-0.07653694266890863,-1.4588778175100834
915,32,0,3,1,0,1,18424,48,7,0,4.073273781445709,-3.4366530462402007
916,32,1,2,1,1,3,2848,10,1,2,-0.18321412204462245,0.7457240214173877
917,68,1,3,1,0,0,14896,6,1,0,3.1291367770103493,0.3604736240984578
918,33,1,2,1,1,0,2359,24,4,2,0.08599144753706651,-0.3931412115253596
919,39,1,3,2,0,0,3345,24,4,2,0.23924358251688824,-1.2941115572223887
920,28,0,2,1,0,3,1817,18,4,1,-0.9891215128254524,-0.5605513668056092
921,37,1,3,1,2,3,12749,48,5,0,3.8517788525506367,-0.9473333104398413
922,22,0,2,2,0,0,1366,9,5,1,-2.2793229437964184,-2.2163827784836005
923,30,1,2,2,0,1,2002,12,1,2,-0.9703199483836225,-0.8333754495073288
924,55,1,2,1,0,0,6872,24,4,0,1.274726702565049,0.11362921533471053
925,46,1,2,1,0,0,697,12,1,2,-0.37335055218442037,0.5913259003812859
926,21,0,2,2,0,0,1049,18,4,1,-1.855789668494744,-2.4523698832544043
927,39,1,2,0,0,0,10297,48,1,0,3.7184138161129354,-0.7970313395876624
928,58,1,2,1,4,3,1867,30,5,2,0.7323160061752795,2.0811073112195406
929,43,1,1,1,0,0,1344,12,1,2,-0.8300477874735532,0.5380576747496884
930,24,1,1,1,0,0,1747,24,4,2,-0.785969014066649,-0.8018215754397793
931,22,0,2,1,0,1,1670,9,5,1,-1.6057511812804182,-1.1896565895324422
932,30,1,2,1,0,3,1224,9,1,2,-0.6567019068427923,0.6486881480206815
933,42,1,2,1,2,3,522,12,5,2,-0.7335298446238111,1.5216476397815226
934,23,0,2,1,0,0,1498,12,5,1,-1.4861034529294095,-1.4781633504530622
935,30,1,3,1,1,1,1919,30,5,2,0.6646616662160837,-0.5541581628726429
936,28,0,1,1,0,2,745,9,5,1,-2.249463666921321,-0.3678472493048303
937,30,1,3,2,0,1,2063,6,5,2,-1.0722866836750689,-0.906337951161855
938,42,1,2,0,0,1,6288,60,3,0,3.2918728542294327,-0.3321014890955755
939,46,1,3,1,4,3,6842,24,1,0,2.223150757925803,1.066672433964835
940,45,1,3,1,4,3,3527,12,1,2,0.9900101336581362,1.632795760581997
941,31,1,1,1,0,3,1546,10,1,2,-1.0732619469773097,0.7996145557294171
942,31,1,2,1,4,3,929,24,4,2,-0.04451073946732213,0.9821765130296137
943,42,1,1,1,0,3,1455,4,1,2,-1.194912697297712,1.5115834214081287
944,46,0,2,2,0,0,1845,15,4,1,-1.4468129904632123,-1.2021232662495376
945,30,0,2,1,2,1,8358,48,1,0,2.163808999747678,-2.010968338566289
946,30,1,2,0,2,0,3349,24,4,2,0.9256683633183643,0.30914917706612033
947,38,1,3,1,4,3,2859,12,1,2,0.7473090396356219,1.343447393838531
948,43,1,1,1,0,3,1533,18,4,2,-0.821471970969779,1.1516901619754285
949,31,1,2,1,1,3,3621,24,5,2,0.20585973487244855,0.2003226209616773
950,40,1,0,1,0,1,3590,18,0,2,-0.5960657573652485,0.47109798508618533
951,24,1,2,1,0,0,2145,36,0,0,0.76811925261217,-1.2483196564909567
952,28,0,2,2,2,1,4113,24,1,1,-0.43099745045809335,-1.8822981665152545
953,26,0,3,1,0,3,10974,36,4,0,2.2048984260823636,-2.141621674914872
954,29,0,2,1,0,0,1893,12,1,1,-0.9261533985461576,-1.159328278106572
955,57,0,3,2,3,0,1231,24,5,1,-0.3488847307134798,-0.48506116261694104
956,49,1,1,1,4,2,3656,30,5,2,0.4217894771038897,1.3382967536902726
957,37,1,1,1,0,1,1154,9,5,2,-1.4854913742982958,0.5446887914599758
958,45,1,1,1,0,0,4006,28,1,2,0.46714557065506307,-0.02483871050982022
959,30,1,2,0,1,1,3069,24,4,2,0.7979385982721011,0.4390949789993826
960,30,1,2,2,0,3,1740,6,5,2,-1.687858303821562,-0.16727669725148536
961,47,1,2,1,0,1,2353,21,1,2,0.38376013456281494,0.527265711564709
962,29,1,2,1,4,3,3556,15,1,2,0.3452369894872709,0.906380924793759
963,35,1,2,1,2,3,2397,24,5,2,0.08526385283196838,0.6836352637000103
964,22,1,1,1,0,1,454,6,6,2,-2.089022962816596,-0.08050601868498429
965,26,0,2,1,4,1,1715,30,5,1,-0.31617836544609407,-0.8510922639303461
966,23,1,1,1,2,1,2520,27,5,2,-0.47245679120858264,-0.4026467963929739
967,54,0,3,2,0,3,3568,15,5,1,-0.5377030241908125,-0.30780809260497005
968,29,1,2,2,4,3,7166,42,5,0,1.2990103477706691,-0.960219560566888
969,40,1,1,1,0,0,3939,11,1,2,-0.39016297095861663,0.16266028686381936
970,22,1,2,1,1,1,1514,15,6,2,-0.8557563354877823,-0.3975363341216745
971,43,1,1,1,0,3,7393,24,1,2,0.9356231195458315,0.4901863521958561
972,29,0,0,2,0,0,1193,24,1,1,-2.2271979989672057,-1.8663830976098512
973,36,1,2,2,0,0,7297,60,0,0,2.471582831720378,-2.525679081295661
974,33,0,2,1,0,3,2831,30,5,1,-0.25854430193902433,-0.7367032789510315
975,57,0,1,1,2,2,1258,24,5,1,-0.888558977210501,0.9882685790174559
976,64,0,2,1,0,1,753,6,5,1,-1.2855489176844834,1.0667671688556153
977,42,1,2,1,4,1,2427,18,0,2,0.5539286418965091,1.0431927564329992
978,47,1,1,1,0,3,2538,24,1,2,0.0070142875223453615,1.143424884009638
979,25,1,2,2,1,1,1264,15,1,2,-0.9918408081097971,-0.9309619816710223
980,49,1,2,1,0,1,8386,30,4,0,1.7614402671100848,-0.215015773933446
981,33,1,3,2,0,3,4844,48,0,0,1.915506692664628,-1.4673876017260714
982,28,0,3,1,1,2,2923,21,1,1,0.27900675657907154,-0.9728621789388516
983,26,1,2,1,0,0,8229,36,1,0,1.943761683225572,-1.7386458456624578
984,30,1,1,1,0,3,2028,24,4,2,-0.6463421404311388,0.2943087378396996
985,25,0,2,2,0,0,1433,15,4,1,-1.8494577068968954,-2.2230797552074666
986,33,1,2,1,0,2,6289,42,0,0,2.015204941393855,-0.7903765137454609
987,64,0,2,1,1,3,1409,13,5,1,-0.775468751839502,1.5509431480010043
988,29,1,3,0,0,0,6579,24,1,0,2.2693683340347066,-0.5077140850453837
989,48,1,1,1,0,1,1743,24,5,2,-0.5187140275733787,0.6513344260360705
990,37,1,1,1,4,3,3565,12,3,2,-0.40171885927541073,1.5057486069945956
991,34,1,1,1,1,3,1569,15,5,2,-1.1145082435831029,0.9222043067988308
992,23,1,1,2,4,0,1936,18,5,2,-1.4734191251964064,-0.8379362051946393
993,30,1,3,1,0,0,3959,36,4,0,1.387317022066262,-1.3435000354287279
994,50,1,2,1,4,3,2390,12,1,2,0.2937333145613185,2.1372056568520943
995,31,0,1,1,0,3,1736,12,4,1,-1.7707000352206135,-0.10614474416106863
996,40,1,3,1,0,0,3857,30,1,0,1.5384756572345768,-0.6362821310778699
997,38,1,2,1,0,3,804,12,5,2,-0.8690459738771409,0.9399181472351732
998,23,1,2,0,0,0,1845,45,5,0,1.2314537136314523,-0.8039154658205626
999,27,1,2,1,1,1,4576,45,1,0,1.6848760251870707,-1.1307101512455637
